job_id,dag_name,execution_date,duration_sec,status,rows_processed
1,predict_pannes,2024-07-28 17:38:26,1503,success,212302.0
2,daily_kpi,2024-06-16 22:55:28,577,success,417410.0
3,ingest_logs_erreurs,2024-12-06 18:26:37,804,success,166994.0
4,sync_warehouse,2024-09-21 05:01:23,1794,success,4487.0
5,daily_kpi,2024-07-13 14:56:07,128,success,331010.0
6,daily_kpi,2024-08-21 03:49:02,1064,success,149340.0
7,ingest_capteurs,2024-03-05 12:10:05,1275,success,135718.0
8,predict_pannes,2024-02-20 09:33:43,1631,success,369767.0
9,daily_kpi,2024-01-06 22:20:58,58,success,212409.0
10,clean_production,2024-11-10 03:43:29,444,success,316952.0
11,ingest_capteurs,2024-12-08 02:48:14,495,success,368629.0
12,ingest_logs_erreurs,2024-07-25 16:42:06,505,success,120293.0
13,daily_kpi,2024-11-27 12:56:38,1299,success,18226.0
14,daily_kpi,2024-07-23 07:52:47,1568,success,399092.0
15,daily_kpi,2024-10-04 06:26:05,768,success,425755.0
16,sync_warehouse,2024-05-22 11:00:48,205,failed,9512.0
17,sync_warehouse,2024-11-11 14:12:47,879,success,461566.0
18,predict_pannes,2024-02-29 05:01:00,963,failed,125892.0
19,sync_warehouse,2024-11-11 00:14:58,1120,success,255309.0
20,ingest_logs_erreurs,2024-01-16 12:49:07,1477,success,92079.0
21,ingest_logs_erreurs,2024-10-22 00:54:17,1135,success,165536.0
22,ingest_capteurs,2024-11-01 04:19:17,880,success,209416.0
23,predict_pannes,2024-07-11 08:04:39,930,success,285983.0
24,sync_warehouse,2024-11-22 11:45:49,126,success,374202.0
25,sync_warehouse,2024-10-05 20:33:46,467,success,151780.0
26,daily_kpi,2024-11-07 11:36:53,1358,success,458470.0
27,ingest_capteurs,2024-11-06 23:39:13,1122,success,112995.0
28,clean_production,2024-03-13 17:46:04,968,success,122219.0
29,predict_pannes,2024-09-21 02:19:28,1069,running,106123.0
30,ingest_logs_erreurs,2024-07-20 03:07:09,1199,success,222051.0
31,clean_production,2024-07-28 07:46:36,195,running,148144.0
32,ingest_capteurs,2024-06-01 11:25:20,885,up_for_retry,172939.0
33,sync_warehouse,2024-12-07 02:19:01,1624,success,3487.0
34,sync_warehouse,2024-07-03 23:52:02,181,running,7423.0
35,ingest_capteurs,2024-11-30 19:15:04,622,failed,189079.0
36,clean_production,2024-09-15 13:41:06,1018,up_for_retry,270190.0
37,clean_production,2024-11-18 13:57:29,737,running,332318.0
38,clean_production,2024-09-22 20:53:05,1681,success,307238.0
39,ingest_capteurs,2024-11-30 02:03:30,1065,up_for_retry,65646.0
40,daily_kpi,2024-02-10 20:51:57,836,success,41877.0
41,predict_pannes,2024-02-17 15:39:08,1684,success,145090.0
42,ingest_capteurs,2024-06-17 21:36:32,1689,success,211074.0
43,daily_kpi,2024-06-15 01:07:40,1657,success,247847.0
44,clean_production,2024-03-13 01:53:14,528,success,451239.0
45,clean_production,2024-08-03 04:44:02,867,success,42269.0
46,predict_pannes,2024-05-31 20:18:53,1484,success,175524.0
47,sync_warehouse,2024-04-21 07:49:57,-1,success,286917.0
48,ingest_logs_erreurs,2024-10-22 21:23:30,772,success,109180.0
49,predict_pannes,2024-08-31 20:21:42,1050,success,413076.0
50,clean_production,2024-12-10 04:30:21,1610,success,67394.0
51,daily_kpi,2024-04-16 13:25:01,571,failed,69294.0
52,sync_warehouse,2024-09-28 05:29:26,447,success,480989.0
53,clean_production,2024-03-13 05:15:43,808,failed,415829.0
54,ingest_logs_erreurs,2024-05-01 04:40:34,1708,up_for_retry,122992.0
55,ingest_capteurs,2024-08-07 04:48:43,1213,failed,280304.0
56,ingest_logs_erreurs,2024-02-25 12:35:22,709,success,477737.0
57,ingest_capteurs,2024-08-24 06:45:59,686,up_for_retry,404934.0
58,ingest_logs_erreurs,2024-10-29 17:25:29,1627,success,478176.0
59,predict_pannes,2024-10-08 13:42:30,749,success,379130.0
60,clean_production,2024-02-21 21:58:21,599,success,136819.0
61,clean_production,2024-02-24 03:17:51,1379,success,263176.0
62,daily_kpi,2024-10-07 03:43:21,1501,success,10219.0
63,predict_pannes,2024-02-26 00:28:44,1186,success,414521.0
64,sync_warehouse,2024-04-16 20:00:41,-1,running,494931.0
65,predict_pannes,2024-10-05 04:22:57,613,success,54984.0
66,sync_warehouse,2024-12-06 05:57:15,1291,success,44484.0
67,sync_warehouse,2024-07-28 18:30:36,1556,success,156572.0
68,daily_kpi,2024-10-08 04:40:17,1116,running,131850.0
69,clean_production,2024-04-15 22:14:53,1572,success,10866.0
70,sync_warehouse,2024-03-12 15:24:45,1475,success,447200.0
71,daily_kpi,2024-06-30 18:18:03,1642,success,267502.0
72,sync_warehouse,2024-07-29 06:49:45,910,success,16284.0
73,ingest_logs_erreurs,2024-06-08 04:28:02,206,success,332135.0
74,daily_kpi,2024-08-20 05:46:41,340,success,222557.0
75,daily_kpi,2024-02-06 05:16:18,275,success,421849.0
76,predict_pannes,2024-08-26 17:56:57,167,running,298424.0
77,ingest_capteurs,2024-10-25 19:51:19,1162,success,497323.0
78,ingest_logs_erreurs,2024-05-17 07:10:15,525,success,182330.0
79,sync_warehouse,2024-01-15 04:32:19,946,failed,312798.0
80,ingest_logs_erreurs,2024-04-03 18:02:12,1188,running,411196.0
81,ingest_capteurs,2024-06-12 17:37:24,1665,success,212387.0
82,clean_production,2024-06-20 19:06:25,583,failed,140467.0
83,ingest_capteurs,2024-05-27 10:15:35,106,up_for_retry,240765.0
84,ingest_logs_erreurs,2024-05-31 18:52:52,569,success,295267.0
85,daily_kpi,2024-03-20 21:10:19,456,success,251999.0
86,sync_warehouse,2024-02-08 07:34:59,1280,success,405421.0
87,ingest_logs_erreurs,2024-09-14 05:14:21,1454,success,30650.0
88,sync_warehouse,2024-08-29 03:28:42,662,running,100526.0
89,ingest_capteurs,2024-12-11 16:00:23,805,success,300211.0
90,ingest_capteurs,2024-08-08 04:40:08,418,success,72014.0
91,clean_production,2024-04-18 06:11:35,944,success,422221.0
92,ingest_capteurs,2024-02-10 05:33:05,350,failed,246319.0
93,predict_pannes,2024-01-02 15:00:40,1622,success,224482.0
94,clean_production,2024-06-02 02:36:36,865,failed,151390.0
95,ingest_logs_erreurs,2024-09-02 10:40:50,469,success,196592.0
96,sync_warehouse,2024-07-02 04:35:18,505,success,265387.0
97,clean_production,2024-05-14 02:20:38,1755,success,214564.0
98,sync_warehouse,2024-08-06 07:12:39,1392,success,46905.0
99,ingest_capteurs,2024-05-27 05:28:59,552,success,121571.0
100,predict_pannes,2024-04-30 23:02:03,151,success,404355.0
101,clean_production,2024-02-25 03:17:18,876,failed,35061.0
102,daily_kpi,2024-11-07 12:33:46,676,success,169702.0
103,ingest_capteurs,2024-03-13 11:45:26,602,running,274780.0
104,sync_warehouse,2024-12-19 14:04:47,307,success,320444.0
105,daily_kpi,2024-12-07 11:50:41,205,running,149718.0
106,ingest_capteurs,2024-12-13 07:49:23,390,running,247465.0
107,predict_pannes,2024-11-02 20:11:38,1503,success,372667.0
108,clean_production,2024-08-25 02:14:42,1658,failed,453064.0
109,predict_pannes,2024-07-02 02:12:07,1600,failed,475425.0
110,ingest_capteurs,2024-11-29 09:01:37,585,running,236210.0
111,clean_production,2024-08-28 13:11:07,1542,success,249750.0
112,ingest_logs_erreurs,2024-04-22 14:21:07,269,success,138190.0
113,ingest_logs_erreurs,2024-11-26 21:54:17,1416,failed,394078.0
114,clean_production,2024-01-26 07:21:04,76,success,302188.0
115,clean_production,2024-03-21 07:12:48,1024,success,250337.0
116,predict_pannes,2024-08-22 18:14:23,729,success,109503.0
117,predict_pannes,2024-08-07 11:51:41,23,failed,35737.0
118,ingest_logs_erreurs,2024-09-29 18:45:04,51,success,159145.0
119,daily_kpi,2024-03-30 12:09:43,1587,running,402375.0
120,daily_kpi,2024-02-21 20:59:31,906,success,109055.0
121,daily_kpi,2024-09-20 11:54:34,-1,failed,478108.0
122,clean_production,2024-04-15 01:34:35,789,failed,46861.0
123,predict_pannes,2024-10-21 11:58:31,1292,success,342367.0
124,sync_warehouse,2024-02-13 09:36:58,746,success,49671.0
125,ingest_logs_erreurs,2024-09-28 07:43:00,1530,success,135984.0
126,clean_production,2024-09-02 11:38:34,141,up_for_retry,184289.0
127,sync_warehouse,2024-04-01 12:31:25,709,failed,384349.0
128,sync_warehouse,2024-03-26 08:37:13,1566,running,316930.0
129,predict_pannes,2024-02-09 09:18:18,1355,running,232767.0
130,clean_production,2024-07-27 10:44:29,1256,success,81905.0
131,ingest_capteurs,2024-11-22 14:10:26,-1,success,1271.0
132,ingest_capteurs,2024-06-09 20:40:12,663,up_for_retry,182918.0
133,ingest_capteurs,2024-10-07 05:42:11,703,running,12665.0
134,sync_warehouse,2024-02-25 15:31:06,441,success,171451.0
135,sync_warehouse,2024-06-22 19:57:32,399,success,150454.0
137,daily_kpi,2024-05-31 17:31:32,1641,success,87365.0
138,ingest_logs_erreurs,2024-12-03 01:44:45,263,success,383812.0
139,daily_kpi,2024-07-14 17:15:47,1101,up_for_retry,400486.0
140,ingest_logs_erreurs,2024-04-14 18:26:29,690,success,53712.0
141,ingest_logs_erreurs,2024-07-22 10:24:52,648,success,354410.0
142,ingest_logs_erreurs,2024-01-30 02:36:11,447,success,320455.0
143,predict_pannes,2024-10-27 08:41:35,1244,failed,318616.0
144,daily_kpi,2024-08-23 02:43:42,773,success,390961.0
145,ingest_capteurs,2024-01-06 16:54:01,665,success,389583.0
146,clean_production,2024-02-15 22:45:41,1080,up_for_retry,361749.0
147,ingest_capteurs,2024-11-16 23:30:00,730,success,219884.0
148,ingest_logs_erreurs,2024-05-02 04:02:50,1220,success,16378.0
149,clean_production,2024-12-30 01:19:23,311,success,456865.0
150,predict_pannes,2024-09-22 08:10:15,88,success,212221.0
151,ingest_capteurs,2024-09-15 21:21:33,1470,up_for_retry,216714.0
152,sync_warehouse,2024-06-02 22:03:50,11,success,140234.0
153,predict_pannes,2024-11-05 22:37:29,1560,success,479959.0
154,clean_production,2024-08-02 12:43:05,168,success,300086.0
155,predict_pannes,2024-09-07 02:32:07,65,success,374745.0
156,ingest_logs_erreurs,2024-01-28 12:24:27,665,up_for_retry,336834.0
157,clean_production,2024-03-20 04:34:13,297,up_for_retry,319679.0
158,daily_kpi,2024-10-21 13:22:50,99,success,384871.0
159,ingest_capteurs,2024-01-13 23:18:00,425,running,369289.0
160,ingest_capteurs,2024-09-08 18:50:44,371,success,420885.0
161,clean_production,2024-06-10 02:49:20,1684,up_for_retry,405081.0
162,ingest_logs_erreurs,2024-08-01 15:02:39,447,running,327637.0
163,clean_production,2024-06-14 14:11:20,1259,success,222113.0
164,daily_kpi,2024-03-02 14:25:24,672,failed,226163.0
165,daily_kpi,2024-09-23 05:54:20,134,success,124317.0
166,ingest_capteurs,2024-04-04 19:39:40,1135,success,427555.0
167,daily_kpi,2024-09-12 19:35:30,1549,success,259557.0
168,ingest_capteurs,2024-09-25 00:29:47,160,success,19704.0
169,clean_production,2024-05-31 13:22:27,492,success,272117.0
170,sync_warehouse,2024-01-16 21:08:26,962,success,486517.0
171,ingest_logs_erreurs,2024-08-16 19:51:17,527,success,243741.0
172,predict_pannes,2024-04-23 14:12:21,959,success,15217.0
173,clean_production,2024-12-09 12:57:35,199,success,323766.0
174,sync_warehouse,2024-02-15 13:19:04,637,success,271544.0
175,daily_kpi,2024-05-21 21:35:03,1096,up_for_retry,363642.0
176,predict_pannes,2024-10-01 22:30:50,623,success,379197.0
177,ingest_capteurs,2024-02-22 22:09:45,143,success,419734.0
178,ingest_capteurs,2024-07-13 10:49:35,1465,running,159441.0
179,ingest_logs_erreurs,2024-05-03 19:11:16,1219,success,141751.0
180,clean_production,2024-06-18 17:47:15,265,success,399217.0
181,predict_pannes,2024-11-04 16:23:48,1223,success,183430.0
182,daily_kpi,2024-07-30 10:30:37,754,success,345129.0
183,ingest_logs_erreurs,2024-11-16 08:57:46,1607,up_for_retry,4201.0
184,clean_production,2024-07-27 19:26:53,1236,success,32437.0
185,ingest_capteurs,2024-07-11 12:58:34,327,failed,182376.0
186,predict_pannes,2024-04-04 11:31:56,1420,success,490491.0
187,sync_warehouse,2024-08-12 08:27:53,421,success,289203.0
188,clean_production,2024-12-22 10:04:57,960,success,215703.0
189,clean_production,2024-03-17 11:46:51,1263,failed,199508.0
190,predict_pannes,2024-12-24 08:32:56,414,success,130698.0
191,ingest_logs_erreurs,2024-08-11 20:46:52,118,success,240251.0
192,predict_pannes,2024-08-08 15:54:42,702,success,9283.0
193,clean_production,2024-08-04 11:20:36,1169,success,330720.0
194,ingest_logs_erreurs,2024-03-06 04:42:28,56,success,363749.0
195,clean_production,2024-10-18 05:16:18,535,success,100835.0
196,predict_pannes,2024-03-20 01:00:35,55,failed,266983.0
197,ingest_capteurs,2024-08-02 22:36:00,825,success,187427.0
198,ingest_capteurs,2024-01-14 12:36:39,1261,running,141620.0
199,clean_production,2024-07-04 02:55:45,128,up_for_retry,141630.0
200,ingest_logs_erreurs,2024-11-26 21:51:30,1095,success,486259.0
201,predict_pannes,2024-03-21 19:19:57,449,success,265661.0
202,ingest_capteurs,2024-12-12 22:43:36,1476,success,371036.0
203,clean_production,2024-09-30 16:56:38,439,success,498459.0
204,ingest_capteurs,2024-07-09 08:03:08,979,success,275578.0
205,daily_kpi,2024-11-21 12:35:37,1723,success,21089.0
206,sync_warehouse,2024-07-22 10:56:50,1544,running,238921.0
207,predict_pannes,2024-05-04 11:12:05,1080,success,218772.0
208,sync_warehouse,2024-10-20 19:18:29,132,success,430152.0
209,predict_pannes,2024-04-20 11:32:52,874,success,115693.0
210,daily_kpi,2024-02-27 21:10:14,1198,up_for_retry,6107.0
211,daily_kpi,2024-04-06 06:14:51,1108,failed,16523.0
212,ingest_capteurs,2024-07-01 01:54:10,1669,success,462688.0
213,sync_warehouse,2024-06-04 15:08:03,1144,success,366473.0
214,daily_kpi,2024-03-09 11:48:06,1570,success,11622.0
215,ingest_logs_erreurs,2024-12-09 07:46:53,22,success,374145.0
216,ingest_logs_erreurs,2024-09-11 00:16:17,1225,success,297167.0
218,ingest_logs_erreurs,2024-07-28 14:07:01,1716,failed,140101.0
219,ingest_logs_erreurs,2024-02-11 17:03:30,1501,running,389334.0
220,ingest_logs_erreurs,2024-06-12 19:11:02,1556,success,212173.0
221,sync_warehouse,2024-10-27 19:23:06,353,success,83406.0
222,clean_production,2024-01-16 02:27:57,253,success,180895.0
223,ingest_logs_erreurs,2024-12-28 00:22:23,1666,success,64379.0
224,sync_warehouse,2024-09-10 08:42:05,1372,failed,31190.0
225,daily_kpi,2024-02-07 16:17:47,39,success,447371.0
226,sync_warehouse,2024-04-21 13:34:09,127,success,316866.0
227,ingest_logs_erreurs,2024-03-11 13:19:31,1322,success,226901.0
228,daily_kpi,2024-12-06 13:53:55,1431,success,205781.0
229,sync_warehouse,2024-03-11 19:18:26,488,failed,128749.0
230,ingest_capteurs,2024-01-13 10:17:15,672,running,145655.0
231,ingest_capteurs,2024-05-14 10:44:55,138,success,322168.0
232,clean_production,2024-01-02 05:55:17,841,success,200096.0
233,sync_warehouse,2024-06-01 06:34:26,278,success,297534.0
234,predict_pannes,2024-01-22 06:40:58,407,success,17347.0
235,daily_kpi,2024-12-08 06:44:45,1264,success,57671.0
236,predict_pannes,2024-10-09 10:05:06,377,success,477263.0
237,ingest_capteurs,2024-08-14 08:46:38,1281,up_for_retry,18768.0
238,sync_warehouse,2024-10-16 08:57:00,599,failed,337358.0
239,ingest_capteurs,2024-08-31 20:07:42,1656,success,2905.0
240,ingest_capteurs,2024-06-25 15:57:30,1400,success,344577.0
241,ingest_capteurs,2024-06-13 20:35:08,930,success,113630.0
242,sync_warehouse,2024-08-20 14:40:25,594,success,479746.0
243,ingest_logs_erreurs,2024-07-25 13:27:43,327,failed,246237.0
244,ingest_logs_erreurs,2024-07-04 20:27:34,1693,success,191681.0
245,ingest_capteurs,2024-10-27 15:49:56,709,failed,399453.0
246,ingest_logs_erreurs,2024-01-28 07:26:34,407,success,379475.0
247,sync_warehouse,2024-03-27 19:41:57,454,success,68308.0
248,daily_kpi,2024-01-28 04:47:28,295,success,124011.0
250,sync_warehouse,2024-11-10 23:36:43,385,success,422273.0
251,ingest_capteurs,2024-08-09 03:08:09,1238,success,436636.0
252,predict_pannes,2024-06-07 20:47:18,1684,success,415476.0
253,ingest_capteurs,2024-01-20 10:14:10,1569,up_for_retry,357497.0
254,ingest_capteurs,2024-08-29 07:57:34,566,failed,96405.0
255,clean_production,2024-06-03 16:46:00,1023,success,316270.0
256,clean_production,2024-08-23 08:18:51,982,success,287668.0
257,ingest_capteurs,2024-11-26 08:46:24,1153,success,13735.0
258,ingest_capteurs,2024-09-23 18:06:43,188,success,495922.0
259,daily_kpi,2024-02-24 05:34:31,832,success,87130.0
260,ingest_logs_erreurs,2024-02-02 03:12:47,715,success,417585.0
261,sync_warehouse,2024-04-19 20:55:43,1178,success,225301.0
262,clean_production,2024-10-19 16:42:25,-1,success,390668.0
263,ingest_logs_erreurs,2024-08-02 08:10:02,699,success,157893.0
264,sync_warehouse,2024-03-23 19:12:52,1709,success,240810.0
265,ingest_capteurs,2024-10-24 19:48:27,502,success,80551.0
266,clean_production,2024-12-09 12:30:03,1139,running,23459.0
267,ingest_logs_erreurs,2024-12-26 08:57:23,1796,success,217650.0
268,predict_pannes,2024-12-19 18:38:41,630,success,281675.0
269,clean_production,2024-12-19 23:09:34,1090,success,477217.0
270,daily_kpi,2024-10-13 07:10:34,1065,success,455531.0
271,ingest_capteurs,2024-10-08 16:58:07,1103,success,353470.0
272,clean_production,2024-05-09 15:38:28,223,success,116177.0
273,ingest_capteurs,2024-09-03 10:20:35,775,success,388603.0
274,daily_kpi,2024-07-16 13:42:59,1244,up_for_retry,210030.0
275,ingest_logs_erreurs,2024-09-17 08:14:26,476,success,310367.0
276,ingest_capteurs,2024-07-04 20:42:38,51,failed,403932.0
277,predict_pannes,2024-03-31 03:15:22,560,failed,268613.0
278,ingest_logs_erreurs,2024-09-03 13:47:51,529,success,352071.0
279,ingest_capteurs,2024-01-19 07:55:19,1736,success,123728.0
280,sync_warehouse,2024-07-04 19:25:20,852,up_for_retry,356476.0
281,ingest_capteurs,2024-01-18 15:10:13,16,failed,42118.0
282,daily_kpi,2024-07-07 09:59:24,1511,success,146068.0
283,clean_production,2024-11-01 04:22:46,372,success,455330.0
284,ingest_capteurs,2024-12-12 17:43:01,1394,running,303154.0
285,daily_kpi,2024-04-08 22:37:03,47,failed,79761.0
286,ingest_logs_erreurs,2024-10-23 15:23:14,879,success,79019.0
287,predict_pannes,2024-02-23 02:32:24,1127,success,78839.0
288,clean_production,2024-10-22 04:53:30,1734,success,368100.0
289,sync_warehouse,2024-01-08 19:23:57,1129,running,83921.0
290,daily_kpi,2024-03-21 12:49:31,935,success,376636.0
291,ingest_logs_erreurs,2024-02-05 20:20:15,1276,success,171806.0
292,sync_warehouse,2024-02-15 23:43:44,982,failed,381618.0
293,ingest_logs_erreurs,2024-02-24 21:28:55,1218,success,258656.0
294,daily_kpi,2024-07-26 23:55:10,986,success,349801.0
295,daily_kpi,2024-03-31 23:28:07,1394,up_for_retry,453515.0
296,ingest_capteurs,2024-11-17 16:59:11,713,success,413591.0
297,clean_production,2024-02-22 12:01:41,525,success,169588.0
298,ingest_capteurs,2024-01-09 20:34:27,760,success,492817.0
299,sync_warehouse,2024-09-04 01:51:27,888,success,38315.0
300,ingest_logs_erreurs,2024-08-15 19:36:01,1589,success,81833.0
301,ingest_capteurs,2024-10-13 03:12:49,1252,failed,247648.0
302,ingest_logs_erreurs,2024-04-27 07:58:23,61,running,267117.0
303,ingest_capteurs,2024-04-11 22:46:42,1649,success,184879.0
304,sync_warehouse,2024-05-10 20:39:00,888,success,84642.0
305,sync_warehouse,2024-05-02 11:34:38,1375,success,460608.0
307,daily_kpi,2024-03-30 23:02:09,1106,success,387585.0
308,clean_production,2024-10-23 19:00:53,1251,success,332240.0
309,daily_kpi,2024-08-18 00:22:42,1630,failed,199167.0
310,sync_warehouse,2024-11-17 20:12:54,41,success,32498.0
311,daily_kpi,2024-07-22 09:17:44,1149,success,133850.0
312,ingest_capteurs,2024-06-25 16:01:35,441,success,104320.0
313,daily_kpi,2024-02-24 05:29:39,186,success,229234.0
314,clean_production,2024-12-08 18:50:32,1452,running,418883.0
315,ingest_capteurs,2024-06-05 16:47:59,1457,failed,278294.0
316,clean_production,2024-02-25 18:52:58,712,running,312382.0
317,ingest_logs_erreurs,2024-12-01 02:44:38,443,success,254949.0
318,daily_kpi,2024-02-08 12:04:51,1531,success,329589.0
319,ingest_logs_erreurs,2024-03-23 10:53:46,1757,success,285120.0
320,ingest_capteurs,2024-05-12 01:02:48,1427,success,427025.0
321,clean_production,2024-08-24 10:26:43,1419,up_for_retry,409973.0
322,ingest_logs_erreurs,2024-09-05 02:35:46,-1,success,454710.0
323,sync_warehouse,2024-04-15 07:26:10,65,success,396679.0
324,daily_kpi,2024-01-10 20:03:54,301,success,208736.0
325,clean_production,2024-04-29 04:46:51,758,success,375047.0
326,sync_warehouse,2024-07-18 21:26:22,989,success,71876.0
327,ingest_capteurs,2024-05-24 14:27:49,95,success,122774.0
328,sync_warehouse,2024-07-16 04:01:02,200,success,181826.0
329,predict_pannes,2024-09-16 02:38:54,549,success,124162.0
330,ingest_logs_erreurs,2024-01-02 23:56:18,904,success,321646.0
331,predict_pannes,2024-03-30 03:35:04,1273,failed,126200.0
332,predict_pannes,2024-08-30 18:46:13,912,running,170782.0
333,sync_warehouse,2024-03-22 14:30:51,1415,success,465005.0
334,sync_warehouse,2024-07-28 21:09:22,1132,success,87947.0
335,clean_production,2024-01-04 17:26:53,1553,success,41324.0
336,daily_kpi,2024-07-08 21:17:00,1033,running,380550.0
337,predict_pannes,2024-08-19 12:16:15,557,success,444822.0
338,daily_kpi,2024-10-17 22:07:57,557,success,304655.0
339,ingest_capteurs,2024-09-08 12:10:00,1633,failed,204743.0
340,predict_pannes,2024-07-26 05:38:14,50,success,338244.0
341,clean_production,2024-02-19 00:00:42,1118,success,496360.0
342,daily_kpi,2024-08-09 15:53:30,238,success,5740.0
343,clean_production,2024-02-24 16:24:24,523,failed,248580.0
344,predict_pannes,2024-09-21 03:24:52,796,success,341967.0
345,clean_production,2024-12-13 21:34:44,1126,success,380956.0
346,ingest_logs_erreurs,2024-02-23 15:46:39,1276,success,353253.0
347,predict_pannes,2024-10-16 16:52:51,81,success,240649.0
348,ingest_logs_erreurs,2024-02-16 15:06:41,708,success,16690.0
349,daily_kpi,2024-04-24 05:22:44,371,success,131767.0
350,ingest_logs_erreurs,2024-01-20 17:34:49,531,success,496604.0
351,daily_kpi,2024-10-10 03:53:21,1117,success,240651.0
352,sync_warehouse,2024-06-02 12:41:15,1473,success,358079.0
353,ingest_logs_erreurs,2024-04-09 08:55:20,954,success,160558.0
354,clean_production,2024-08-01 05:42:19,1177,running,452983.0
355,predict_pannes,2024-09-25 16:03:05,65,success,30803.0
356,sync_warehouse,2024-11-03 18:36:41,27,success,456396.0
357,ingest_logs_erreurs,2024-10-21 01:49:45,282,success,258399.0
358,ingest_logs_erreurs,2024-06-17 15:34:02,612,success,263148.0
359,daily_kpi,2024-07-13 18:41:28,60,success,499184.0
360,ingest_logs_erreurs,2024-07-24 08:16:42,1636,success,497318.0
361,predict_pannes,2024-05-14 20:45:27,527,success,26021.0
362,sync_warehouse,2024-04-26 19:20:54,1708,failed,305910.0
363,ingest_capteurs,2024-10-14 13:39:59,1621,success,1310.0
364,sync_warehouse,2024-02-07 00:44:28,719,running,217894.0
365,ingest_logs_erreurs,2024-04-07 01:30:44,1799,success,297775.0
366,ingest_capteurs,2024-04-18 09:06:25,952,success,231151.0
367,ingest_capteurs,2024-02-09 18:51:19,394,success,368909.0
368,ingest_logs_erreurs,2024-06-30 08:18:17,328,failed,395439.0
369,ingest_capteurs,2024-02-25 03:03:01,42,success,32019.0
370,daily_kpi,2024-08-27 08:25:44,380,success,17742.0
371,ingest_capteurs,2024-08-01 22:13:37,553,success,306762.0
372,predict_pannes,2024-07-01 23:52:21,664,success,151135.0
373,clean_production,2024-12-22 05:34:09,1683,success,436476.0
374,daily_kpi,2024-10-16 02:30:15,281,success,474839.0
375,predict_pannes,2024-02-20 23:47:11,1261,success,208433.0
376,sync_warehouse,2024-10-07 04:54:15,270,success,266303.0
377,ingest_capteurs,2024-06-20 14:54:34,-1,success,78664.0
378,sync_warehouse,2024-03-25 16:18:11,50,success,91632.0
379,daily_kpi,2024-03-25 16:11:04,1578,success,391864.0
380,clean_production,2024-01-30 17:59:52,1187,success,19154.0
381,sync_warehouse,2024-05-10 13:48:49,1154,running,252356.0
382,sync_warehouse,2024-10-04 22:49:07,824,running,84851.0
383,clean_production,2024-07-22 18:32:40,764,running,117998.0
384,ingest_logs_erreurs,2024-05-26 06:46:54,1246,up_for_retry,400731.0
385,daily_kpi,2024-02-08 21:40:09,52,success,14561.0
386,predict_pannes,2024-09-01 23:02:00,1657,success,279711.0
387,sync_warehouse,2024-06-06 09:24:28,1247,up_for_retry,353684.0
388,daily_kpi,2024-12-28 04:43:32,-1,up_for_retry,453382.0
389,daily_kpi,2024-09-01 08:10:45,1489,success,35091.0
390,clean_production,2024-07-26 16:38:09,542,failed,366053.0
391,sync_warehouse,2024-06-07 08:11:36,13,failed,301746.0
392,clean_production,2024-07-27 06:00:06,496,success,397673.0
393,ingest_capteurs,2024-10-22 03:04:06,1457,up_for_retry,207198.0
394,predict_pannes,2024-01-10 09:01:35,163,success,156822.0
395,clean_production,2024-01-18 15:52:57,-1,success,254544.0
396,predict_pannes,2024-11-01 19:22:32,1096,success,477821.0
397,clean_production,2024-05-04 14:29:21,1164,success,372636.0
398,ingest_capteurs,2024-02-26 17:30:31,1598,success,128629.0
399,clean_production,2024-07-06 00:18:07,1644,up_for_retry,448526.0
400,daily_kpi,2024-03-01 14:32:18,699,success,164597.0
401,predict_pannes,2024-07-19 03:39:01,1798,up_for_retry,403126.0
402,ingest_capteurs,2024-06-12 08:14:56,1262,success,81584.0
403,ingest_capteurs,2024-02-06 05:37:09,800,success,399416.0
404,daily_kpi,2024-07-29 16:12:00,1098,success,100713.0
405,predict_pannes,2024-06-03 02:08:39,633,success,492482.0
406,ingest_logs_erreurs,2024-01-13 01:12:56,1585,success,339868.0
407,ingest_capteurs,2024-12-14 10:04:26,465,success,428460.0
408,ingest_capteurs,2024-07-29 00:01:54,1343,success,350482.0
409,ingest_logs_erreurs,2024-04-16 22:25:52,360,success,343445.0
411,ingest_logs_erreurs,2024-02-29 08:32:35,401,success,433721.0
412,ingest_capteurs,2024-09-20 03:34:05,388,success,207262.0
413,ingest_logs_erreurs,2024-05-29 21:39:54,243,failed,83399.0
414,clean_production,2024-11-17 02:14:37,1396,success,213185.0
415,ingest_logs_erreurs,2024-08-22 13:17:01,1362,success,459594.0
416,clean_production,2024-11-08 08:39:32,1752,failed,79271.0
417,ingest_logs_erreurs,2024-05-29 08:30:35,1754,success,231208.0
418,clean_production,2024-03-27 10:25:14,1137,up_for_retry,365104.0
419,sync_warehouse,2024-01-29 03:12:46,724,success,88073.0
420,sync_warehouse,2024-08-27 05:33:22,1769,failed,233041.0
421,daily_kpi,2024-04-11 13:37:32,47,success,420424.0
422,daily_kpi,2024-01-31 22:44:27,1137,success,378442.0
423,daily_kpi,2024-09-24 17:08:12,961,up_for_retry,219016.0
424,ingest_capteurs,2024-03-17 01:42:09,1222,failed,261882.0
425,daily_kpi,2024-11-08 18:24:47,1683,success,210677.0
426,clean_production,2024-08-10 16:34:05,723,success,203864.0
427,clean_production,2024-03-26 21:29:09,1099,success,398251.0
428,ingest_logs_erreurs,2024-10-28 11:05:16,1505,running,55238.0
429,sync_warehouse,2024-07-23 13:31:26,1608,up_for_retry,99297.0
430,clean_production,2024-11-22 23:52:26,1302,success,310427.0
431,sync_warehouse,2024-04-23 10:41:59,1317,success,101615.0
432,predict_pannes,2024-09-11 16:59:18,1065,up_for_retry,350044.0
433,predict_pannes,2024-01-31 09:08:28,357,success,288249.0
434,sync_warehouse,2024-08-28 09:57:17,1112,success,71850.0
435,clean_production,2024-04-08 16:17:47,1645,up_for_retry,473346.0
436,daily_kpi,2024-06-20 20:44:14,1498,success,124302.0
437,predict_pannes,2024-12-10 07:02:05,1254,success,347498.0
438,ingest_logs_erreurs,2024-07-17 04:52:23,876,failed,143128.0
439,ingest_logs_erreurs,2024-07-07 12:53:18,588,success,184525.0
440,daily_kpi,2024-07-23 02:02:05,1163,success,408382.0
441,clean_production,2024-03-30 18:21:49,1514,success,330731.0
442,ingest_logs_erreurs,2024-05-03 02:07:35,1609,success,330525.0
443,sync_warehouse,2024-05-24 14:55:58,201,success,336722.0
444,ingest_capteurs,2024-12-21 10:58:18,1060,up_for_retry,132852.0
445,ingest_logs_erreurs,2024-08-14 20:03:14,1330,success,486911.0
446,predict_pannes,2024-10-24 06:36:44,150,success,373977.0
447,ingest_capteurs,2024-08-29 08:23:58,629,failed,92627.0
448,predict_pannes,2024-06-04 13:42:15,937,success,53767.0
449,ingest_logs_erreurs,2024-02-15 15:17:54,558,success,68914.0
450,sync_warehouse,2024-08-27 23:29:48,1769,up_for_retry,327943.0
451,clean_production,2024-01-01 15:04:50,704,success,114627.0
452,sync_warehouse,2024-03-13 04:45:09,-1,success,127634.0
453,ingest_logs_erreurs,2024-04-02 17:39:42,272,success,193464.0
454,ingest_capteurs,2024-12-20 07:28:53,584,up_for_retry,224355.0
455,ingest_logs_erreurs,2024-05-22 21:21:18,1188,success,241321.0
456,ingest_logs_erreurs,2024-09-13 07:59:18,768,success,406603.0
457,predict_pannes,2024-06-19 07:47:13,513,success,421078.0
458,daily_kpi,2024-05-02 14:10:29,290,success,113198.0
459,predict_pannes,2024-07-14 10:58:56,153,success,285973.0
460,daily_kpi,2024-10-15 11:47:18,947,success,365317.0
461,predict_pannes,2024-06-18 11:55:47,1471,success,37266.0
462,predict_pannes,2024-07-29 19:14:57,88,running,478326.0
463,daily_kpi,2024-10-20 05:17:47,405,failed,14843.0
464,ingest_logs_erreurs,2024-01-21 15:50:03,923,up_for_retry,362591.0
465,ingest_capteurs,2024-08-08 13:51:41,676,success,242833.0
466,daily_kpi,2024-07-28 02:11:50,1262,success,448689.0
467,daily_kpi,2024-08-03 13:16:35,584,failed,181154.0
468,clean_production,2024-08-30 18:48:43,105,success,15290.0
469,ingest_capteurs,2024-09-10 22:49:31,1755,up_for_retry,446533.0
470,ingest_capteurs,2024-06-23 15:08:01,828,success,5525.0
471,clean_production,2024-12-13 11:51:44,1017,success,439049.0
472,ingest_logs_erreurs,2024-08-08 23:20:20,534,success,433885.0
473,ingest_capteurs,2024-07-24 14:11:14,473,success,116137.0
474,ingest_logs_erreurs,2024-07-08 03:24:05,1515,success,228452.0
475,clean_production,2024-05-07 03:33:27,572,up_for_retry,155853.0
476,daily_kpi,2024-11-29 08:55:07,1463,failed,199781.0
477,ingest_capteurs,2024-06-11 15:06:56,862,failed,366942.0
478,predict_pannes,2024-12-10 07:36:45,538,success,193955.0
479,ingest_capteurs,2024-09-27 08:53:41,149,success,120532.0
480,ingest_capteurs,2024-03-31 01:08:18,233,success,104567.0
481,predict_pannes,2024-01-08 07:06:33,1527,success,59187.0
483,predict_pannes,2024-03-28 08:10:38,189,failed,361468.0
484,sync_warehouse,2024-06-19 00:50:07,1200,failed,452590.0
485,predict_pannes,2024-09-23 13:18:23,575,success,762.0
486,sync_warehouse,2024-09-26 03:25:19,1048,up_for_retry,476840.0
487,predict_pannes,2024-03-25 14:24:21,942,success,274042.0
488,predict_pannes,2024-10-11 05:52:26,338,success,449231.0
489,predict_pannes,2024-12-13 18:52:20,1571,success,248319.0
490,predict_pannes,2024-02-07 14:09:14,35,success,422631.0
491,sync_warehouse,2024-03-19 13:01:13,1526,success,39367.0
492,predict_pannes,2024-06-14 10:34:58,1062,success,206905.0
493,daily_kpi,2024-09-15 22:40:24,1016,success,307334.0
494,sync_warehouse,2024-12-30 06:29:54,1065,up_for_retry,146918.0
495,clean_production,2024-09-03 06:40:36,1385,success,108483.0
496,clean_production,2024-01-17 04:29:46,70,success,271161.0
497,ingest_logs_erreurs,2024-05-10 20:09:22,441,running,136628.0
498,ingest_capteurs,2024-07-09 09:29:56,772,success,164222.0
499,ingest_capteurs,2024-04-01 00:33:51,484,success,65748.0
502,ingest_capteurs,2024-02-12 10:49:02,1100,running,206051.0
503,ingest_logs_erreurs,2024-08-26 09:13:23,23,success,495893.0
504,sync_warehouse,2024-10-26 23:56:44,188,success,443336.0
505,ingest_logs_erreurs,2024-06-22 02:49:51,1369,success,262577.0
506,ingest_logs_erreurs,2024-04-29 17:26:03,399,success,217490.0
507,clean_production,2024-06-12 10:20:18,1654,success,447347.0
508,ingest_logs_erreurs,2024-09-22 15:33:56,1483,success,85920.0
509,ingest_capteurs,2024-12-20 15:09:52,1604,up_for_retry,5330.0
510,ingest_logs_erreurs,2024-10-30 20:36:53,632,up_for_retry,319515.0
511,ingest_logs_erreurs,2024-11-12 23:21:21,826,success,445113.0
512,clean_production,2024-01-30 16:25:17,472,failed,318953.0
513,ingest_logs_erreurs,2024-06-22 17:09:40,1742,success,73296.0
514,sync_warehouse,2024-07-16 01:55:29,431,running,277955.0
515,predict_pannes,2024-11-14 18:34:15,734,success,430337.0
516,ingest_capteurs,2024-10-03 02:13:32,1149,failed,53710.0
517,daily_kpi,2024-03-26 08:32:54,287,success,288775.0
518,sync_warehouse,2024-03-13 00:24:30,379,success,450495.0
519,sync_warehouse,2024-08-07 09:53:08,1032,success,377982.0
520,daily_kpi,2024-12-14 09:30:28,26,success,432818.0
521,daily_kpi,2024-01-19 17:53:08,397,success,11990.0
522,ingest_logs_erreurs,2024-10-29 14:58:02,1564,success,38187.0
523,ingest_capteurs,2024-10-25 23:14:39,784,success,307144.0
524,clean_production,2024-11-17 08:17:01,57,failed,412602.0
525,ingest_capteurs,2024-03-21 11:44:51,1427,running,230798.0
526,ingest_logs_erreurs,2024-09-25 00:58:19,604,success,96727.0
527,predict_pannes,2024-02-04 08:28:42,1057,running,260517.0
528,ingest_capteurs,2024-09-06 16:47:39,1342,success,372963.0
529,sync_warehouse,2024-06-10 23:21:33,1671,up_for_retry,84360.0
530,predict_pannes,2024-07-05 06:53:58,361,failed,202876.0
531,sync_warehouse,2024-04-18 00:29:59,1719,success,101739.0
532,sync_warehouse,2024-04-16 07:29:20,1165,success,127286.0
533,ingest_capteurs,2024-09-15 09:36:49,1468,success,261845.0
534,ingest_capteurs,2024-06-27 11:10:56,1539,success,452980.0
535,predict_pannes,2024-06-21 23:23:54,827,success,207397.0
536,ingest_logs_erreurs,2024-04-19 22:42:35,1747,failed,421553.0
537,ingest_capteurs,2024-07-25 08:09:15,1200,success,412453.0
538,ingest_capteurs,2024-10-30 16:10:16,914,success,15528.0
539,ingest_capteurs,2024-01-30 06:28:18,680,running,406291.0
540,sync_warehouse,2024-03-29 19:28:35,508,failed,258210.0
541,ingest_capteurs,2024-06-16 17:44:06,896,success,457644.0
542,clean_production,2024-08-18 18:07:29,145,success,258600.0
543,predict_pannes,2024-11-29 13:17:08,1130,success,441100.0
544,predict_pannes,2024-08-22 22:04:21,867,success,404644.0
545,predict_pannes,2024-11-12 14:12:15,328,success,430007.0
546,sync_warehouse,2024-10-11 16:11:36,141,up_for_retry,98620.0
547,ingest_capteurs,2024-10-30 19:35:03,1272,success,230638.0
548,ingest_capteurs,2024-08-16 00:28:46,1541,success,368177.0
549,daily_kpi,2024-04-27 17:03:52,1786,success,238762.0
550,sync_warehouse,2024-07-24 14:47:24,212,success,165701.0
551,daily_kpi,2024-01-19 07:05:50,180,success,284331.0
552,ingest_logs_erreurs,2024-05-14 14:45:14,1363,running,233392.0
553,clean_production,2024-08-23 13:28:49,1066,success,343375.0
554,clean_production,2024-12-24 09:01:25,1301,success,119786.0
555,daily_kpi,2024-01-10 02:22:43,280,success,494838.0
556,sync_warehouse,2024-06-01 02:55:31,1526,success,17831.0
557,ingest_logs_erreurs,2024-06-11 08:56:50,465,success,60809.0
558,clean_production,2024-01-27 14:31:41,1348,success,65614.0
559,clean_production,2024-03-16 15:33:30,1448,success,204852.0
560,sync_warehouse,2024-04-19 15:27:00,41,up_for_retry,29281.0
561,daily_kpi,2024-05-14 05:00:34,696,success,262141.0
562,ingest_capteurs,2024-04-02 03:29:16,1333,failed,73168.0
563,sync_warehouse,2024-01-11 17:56:16,1195,success,104707.0
564,daily_kpi,2024-08-13 08:56:54,497,running,43297.0
565,clean_production,2024-11-13 00:09:35,1700,success,275958.0
566,clean_production,2024-09-20 23:41:10,736,success,257760.0
567,ingest_logs_erreurs,2024-06-22 19:52:30,793,failed,140584.0
568,ingest_capteurs,2024-11-06 04:56:54,633,up_for_retry,288073.0
569,clean_production,2024-10-22 20:48:03,914,success,196208.0
570,clean_production,2024-04-24 19:28:30,580,success,55258.0
571,predict_pannes,2024-09-25 01:41:41,826,success,96670.0
572,predict_pannes,2024-06-02 06:39:24,1051,success,213276.0
573,ingest_logs_erreurs,2024-06-08 01:59:42,1054,success,139378.0
574,sync_warehouse,2024-09-28 13:11:29,1539,success,21515.0
575,sync_warehouse,2024-10-01 08:25:14,199,failed,249853.0
576,ingest_logs_erreurs,2024-03-08 11:30:33,1561,up_for_retry,65290.0
577,ingest_capteurs,2024-04-16 00:22:34,98,success,242576.0
578,ingest_logs_erreurs,2024-01-04 14:03:08,588,success,385132.0
579,daily_kpi,2024-07-25 13:47:52,1453,success,70479.0
580,sync_warehouse,2024-06-30 20:42:02,62,success,10309.0
581,ingest_capteurs,2024-09-18 00:59:34,1537,success,178236.0
582,daily_kpi,2024-04-25 22:42:43,1454,success,409318.0
583,sync_warehouse,2024-02-27 04:30:43,1352,success,263451.0
584,sync_warehouse,2024-01-31 23:12:05,1224,success,320239.0
585,predict_pannes,2024-07-07 23:20:20,823,success,283810.0
586,sync_warehouse,2024-11-06 00:15:27,148,failed,92196.0
587,daily_kpi,2024-05-31 22:20:19,764,success,328806.0
588,ingest_logs_erreurs,2024-04-16 19:40:11,469,success,223502.0
589,ingest_capteurs,2024-10-19 14:21:52,36,success,312196.0
590,clean_production,2024-06-25 12:29:40,66,success,283615.0
591,clean_production,2024-05-31 00:33:23,1579,success,474247.0
592,ingest_capteurs,2024-02-22 17:17:18,956,success,477476.0
593,clean_production,2024-03-09 08:18:53,520,success,7309.0
594,sync_warehouse,2024-04-11 06:48:12,121,success,346239.0
595,ingest_capteurs,2024-02-05 08:19:52,1184,success,128998.0
596,predict_pannes,2024-05-22 06:40:46,271,up_for_retry,371706.0
597,ingest_capteurs,2024-08-31 03:29:43,16,running,413799.0
598,daily_kpi,2024-05-23 09:58:34,1479,success,471846.0
599,ingest_capteurs,2024-09-02 05:03:48,727,success,491079.0
600,daily_kpi,2024-03-15 04:46:07,1001,success,89154.0
